date,title,url
"September 30, 2020",A Practical Guide to Web Data QA Part V: Broad Crawls,https://blog.scrapinghub.com/a-practical-guide-to-web-data-qa-part-v-broad-crawls
"September 24, 2020",Announcing The Web Data Extraction Summit 2020,https://blog.scrapinghub.com/web-data-extraction-summit-2020
"September 10, 2020",News & Article Data Extraction: Open Source vs Closed Source Solutions,https://blog.scrapinghub.com/news-article-data-extraction-open-source-vs.-closed-source-solutions
"September 03, 2020",A PRACTICAL GUIDE TO WEB DATA QA PART IV: COMPLEMENTING SEMI-AUTOMATED TECHNIQUES,https://blog.scrapinghub.com/a-practical-guide-to-web-data-qa-part-iv-complementing-semi-automated-techniques
"August 27, 2020",Real Estate: Use Web Data Extraction to Make Smarter Decisions,https://blog.scrapinghub.com/web-scraping-real-estate-data-use-cases
"August 06, 2020",Scrapy Cloud Secrets: Hub Crawl Frontier and How To Use It,https://blog.scrapinghub.com/scrapy-cloud-secrets-hub-crawl-frontier-and-how-to-use-it
"July 30, 2020",Blog Comments API (BETA): Extract Blog Comment DATA At Scale,https://blog.scrapinghub.com/blog-comments-api-beta-release
"July 28, 2020",Your Price Intelligence Questions Answered,https://blog.scrapinghub.com/price-intelligence-questions-answered
"July 21, 2020",Data Center Proxies vs. Residential Proxies,https://blog.scrapinghub.com/data-center-proxies-vs.-residential-proxies
"July 14, 2020",How to Get High Success Rates With Proxies: 3 Steps to Scale Up,https://blog.scrapinghub.com/how-to-get-high-success-rates-with-proxies-3-steps-to-scale-up
"July 09, 2020",Job Postings API: Stable release,https://blog.scrapinghub.com/job-postings-api-stable-release
"July 07, 2020",Web Scraping Basics: A Developer’s Guide To Reliably Extract Data,https://blog.scrapinghub.com/web-scraping-basics-tools
"June 23, 2020",Extracting Article & News Data: The Importance of Data Quality,https://blog.scrapinghub.com/news-api-blog-importance-of-article-quality
"June 11, 2020",Price Gouging or Economics at Work: Price Intelligence to Track Consumer Sentiment,https://blog.scrapinghub.com/price-gouging-or-economics-at-work-price-intelligence-to-track-consumer-sentiment
"June 09, 2020",A Practical Guide to Web Data QA Part III: Holistic Data Validation Techniques,https://blog.scrapinghub.com/web-data-qa-part-iii-combining-manual-and-automated-techniques-for-holistic-data-validation
"May 19, 2020",Product Reviews API (Beta): Extract Product Reviews at Scale,https://blog.scrapinghub.com/product-reviews-api-beta-extract-product-reviews-at-scale
"April 28, 2020",Custom crawling & News API: designing a web scraping solution,https://blog.scrapinghub.com/extract-articles-at-scale-designing-a-web-scraping-solution
"April 16, 2020",Vehicle API (Beta): Extract Automotive Data at Scale,https://blog.scrapinghub.com/vehicle-api-launch
"April 09, 2020",A Practical Guide to Web Data Extraction QA Part II: Common validation pitfalls,https://blog.scrapinghub.com/web-data-qa-common-validation-pitfalls
"March 25, 2020",Transitioning to Remote Working as a Company,https://blog.scrapinghub.com/transitioning-to-remote-working-as-a-company
"March 24, 2020",A Practical Guide to Web Data QA Part I: Validation Techniques,https://blog.scrapinghub.com/guide-to-web-data-extraction-qa-validation-techniques
"March 13, 2020",COVID-19: Handling the Situation as a Fully Remote Company,https://blog.scrapinghub.com/covid-19-handling-the-situation-as-a-fully-remote-company
"March 12, 2020",Extracting clean article HTML with News API,https://blog.scrapinghub.com/extracting-clean-article-html-with-autoextract
"March 05, 2020",Job Postings Beta API: Extract Job Postings at Scale,https://blog.scrapinghub.com/job-postings-at-scale-beta-api
"March 03, 2020",Building spiders made easy: GUI For Your Scrapy Shell,https://blog.scrapinghub.com/building-spiders-made-easy-gui-for-your-scrapy-shell
"February 27, 2020",How To Scrape The Web Without Getting Blocked,https://blog.scrapinghub.com/how-to-scrape-the-web-without-getting-blocked
"February 24, 2020",News Web Data Extraction to Predict Irish Election Results,https://blog.scrapinghub.com/news-web-data-extraction-to-predict-irish-election-results
"February 18, 2020",Introducing Crawlera free trials & new plans,https://blog.scrapinghub.com/introducing-crawlera-free-trials-new-plans
"February 12, 2020",Best Recruitment Tips: How to Scout Top Talent,https://blog.scrapinghub.com/recruitment-tips-to-find-top-talent
"January 30, 2020",Looking Back at 2019,https://blog.scrapinghub.com/looking-back-at-2019
"January 23, 2020",How to use a proxy in Puppeteer,https://blog.scrapinghub.com/how-to-use-a-proxy-in-puppeteer
"January 09, 2020",How to leverage alternative data in asset management,https://blog.scrapinghub.com/how-to-leverage-alternative-data-in-asset-management
"December 19, 2019",Building Blocks of an Unstoppable Web Scraping Infrastructure,https://blog.scrapinghub.com/building-blocks-of-unstoppable-web-scraping-infrastructure
"December 10, 2019",Backconnect Proxy: Explanation & Comparison To Other Proxies,https://blog.scrapinghub.com/backconnect-proxy
"December 04, 2019",4 Sectors That Benefited Most from Business Intelligence Software,https://blog.scrapinghub.com/4-sectors-that-benefited-most-from-business-intelligence-software
"November 26, 2019",Price Scraping: The Best Free Tool To Scrape Prices,https://blog.scrapinghub.com/price-scraping-best-free-tool-to-scrape-prices
"November 14, 2019",How to use Crawlera with Scrapy,https://blog.scrapinghub.com/how-to-use-crawlera-with-scrapy
"November 07, 2019","Scrapy, Matplotlib and MySQL: Real Estate Data Analysis",https://blog.scrapinghub.com/scrapy-matplotlib-and-mysql-real-estate-data-analysis
"October 17, 2019",Web Scraping Questions & Answers Part II,https://blog.scrapinghub.com/web-scraping-questions-answers-part-2
"October 15, 2019",Scrapy & AutoExtract API integration,https://blog.scrapinghub.com/scrapy-autoextract-api-integration
"October 10, 2019",Web Scraping Questions & Answers Part I,https://blog.scrapinghub.com/web-scraping-questions-answers-part-1
"October 08, 2019","Price intelligence with Python: Scrapy, SQL and Pandas",https://blog.scrapinghub.com/price-intelligence-with-python-scrapy-sql-pandas
"September 26, 2019",The Web Data Extraction Summit 2019,https://blog.scrapinghub.com/the-web-data-extraction-summit-2019
"September 17, 2019",News Data Extraction at Scale with AI powered AutoExtract,https://blog.scrapinghub.com/news-data-extraction-at-scale-with-ai-powered-autoextract
"September 12, 2019",Gain a Competitive Edge with Product Data,https://blog.scrapinghub.com/gain-a-competitive-edge-with-product-data
"September 05, 2019",Four Use Cases for Online Public Sentiment Data,https://blog.scrapinghub.com/use-cases-for-online-public-sentiment-data
"August 29, 2019",The First-Ever Web Data Extraction Summit!,https://blog.scrapinghub.com/the-first-web-data-extraction-summit
"August 22, 2019",Learn how to configure and utilize proxies with Python Requests module,https://blog.scrapinghub.com/python-requests-proxy
"August 08, 2019",How to set up a custom proxy in Scrapy?,https://blog.scrapinghub.com/scrapy-proxy
"July 25, 2019",GDPR Update: Scraping Public Personal Data,https://blog.scrapinghub.com/gdpr-public-personal-data-update
"July 04, 2019",Solution Architecture Part 5: Designing A Well-Optimised Web Scraping Solution,https://blog.scrapinghub.com/solution-architecture-part-5-designing-a-solution-estimating-resource-requirements
"June 13, 2019",Solution Architecture Part 4: Accessing The Technical Feasibility of Your Web Scraping Project,https://blog.scrapinghub.com/solution-architecture-part-4-accessing-the-technical-feasibility-of-your-web-scraping-project
"May 30, 2019",Visual Web Scraping Tools: What to Do When They Are No Longer Fit For Purpose?,https://blog.scrapinghub.com/visual-web-scraping-tools-what-to-do-when-they-are-no-longer-fit-for-purpose
"May 23, 2019",Solution Architecture Part 3: Conducting a Web Scraping Legal Review,https://blog.scrapinghub.com/solution-architecture-part-3-conducting-a-web-scraping-legal-review
"May 14, 2019",ScrapyRT: Turn Websites Into Real-Time APIs,https://blog.scrapinghub.com/scrapyrt-turn-websites-into-real-time-apis
"May 09, 2019",Web Data Analysis: Exposing NFL Player Salaries With Python,https://blog.scrapinghub.com/web-data-analysis-exposing-nfl-player-salaries-with-python
"April 11, 2019",From The Creators Of Scrapy: Artificial Intelligence Data Extraction API,https://blog.scrapinghub.com/artificial-intelligence-data-extraction-api
"April 09, 2019",Scrapinghub’s New AI Powered Developer Data Extraction API for E-Commerce & Article Extraction,https://blog.scrapinghub.com/developer-data-extraction-api-for-product-article-extraction
"April 05, 2019",Solution Architecture Part 2: How to Define The Scope of Your Web Scraping Project,https://blog.scrapinghub.com/web-scraping-requirement-gathering
"March 28, 2019",How to Architect a Web Scraping Solution: The Step-by-Step Guide,https://blog.scrapinghub.com/architecting-a-web-scraping-solution
"March 21, 2019",Navigating Compliance When Extracting Web Scraped Alternative Financial Data,https://blog.scrapinghub.com/regulatory-compliance-for-alternative-web-scraped-financial-data
"March 15, 2019",St Patrick’s Day Special: Finding Dublin’s Best Pint of Guinness With Web Scraping,https://blog.scrapinghub.com/web-scraping-best-pint-of-guinness-dublin
"March 05, 2019",Spidermon: Scrapinghub’s Secret Sauce To Our Data Quality & Reliability Guarantee,https://blog.scrapinghub.com/spidermon-the-secret-sauce-to-our-data-quality-guarantee
"March 01, 2019",Meet Spidermon: Scrapinghub’s Battle Tested Spider Monitoring Library [Now Open Sourced],https://blog.scrapinghub.com/spidermon-scrapy-spider-monitoring
"February 21, 2019",Proxy Management: Should I Build My Proxy Infrastructure In-House Or Use AN Off-The-Shelf Proxy Solution?,https://blog.scrapinghub.com/best-web-scraping-proxy-management-solution
"February 15, 2019",A Sneak Peek Inside Crawlera: The World’s Smartest Web Scraping Proxy Network,https://blog.scrapinghub.com/sneak-peek-inside-crawlera
"February 07, 2019",Why We Created Crawlera? The World’s Smartest Web Scraping Proxy Network,https://blog.scrapinghub.com/the-crawlera-story
"February 01, 2019",The Rise of Web Data in Hedge Fund Decision Making & The Importance of Data Quality,https://blog.scrapinghub.com/alternative-financial-data-quality
"January 24, 2019",The Predictive Power of Web Scraped Product Data For Institutional Investors: A GoPro Case Study,https://blog.scrapinghub.com/gopro-study
"January 08, 2019",The Challenges E-Commerce Retailers Face Managing Their Web Scraping Proxies,https://blog.scrapinghub.com/challenges-enterprise-ecommerce-web-scraping-proxies
"December 21, 2018",Looking Back at 2018,https://blog.scrapinghub.com/looking-back-at-2018
"December 13, 2018",Do What is Right Not What is Easy!,https://blog.scrapinghub.com/gdpr-web-scraping-iiap-europe-data-protection-congress
"November 22, 2018",Shubber GetTogether 2018,https://blog.scrapinghub.com/shubber-gettogether-2018
"September 27, 2018",Data Quality Assurance for Enterprise Web Scraping,https://blog.scrapinghub.com/data-quality-assurance-for-enterprise-web-scraping
"September 12, 2018",What I Learned as a Google Summer of Code student at Scrapinghub,https://blog.scrapinghub.com/what-i-learned-as-a-google-summer-of-code-student-at-scrapinghub
"July 25, 2018",GDPR Compliance For Web Scrapers: The Step-By-Step Guide,https://blog.scrapinghub.com/web-scraping-gdpr-compliance-guide
"July 02, 2018",Data for Price Intelligence: Lessons Learned Scraping 100 Billion Products Pages,https://blog.scrapinghub.com/price-intelligence-web-scraping-at-scale-100-billion-products
"June 19, 2018",A Sneak Peek Inside What Hedge Funds Think of Alternative Financial Data,https://blog.scrapinghub.com/2018/06/19/a-sneak-peek-inside-what-hedge-funds-think-of-alternative-financial-data
"June 07, 2018",Want to Predict Fitbit’s Quarterly Revenue? Eagle Alpha Did It Using Web Scraped Product Data,https://blog.scrapinghub.com/2018/06/07/fitbit-quarterly-revenue-web-scraped-product-data
"May 30, 2018",How Data Compliance Companies Are Turning To Web Crawlers To Take Advantage of the GDPR Business Opportunity,https://blog.scrapinghub.com/2018/05/30/gdpr-compliance-tools-web-scraping-crawlers
"December 31, 2017",Looking Back at 2017,https://blog.scrapinghub.com/2017/12/31/looking-back-at-2017
"November 05, 2017","A Faster, Updated Scrapinghub",https://blog.scrapinghub.com/2017/11/05/a-faster-updated-scrapinghub
"July 07, 2017",Scraping the Steam Game Store with Scrapy,https://blog.scrapinghub.com/2017/07/07/scraping-the-steam-game-store-with-scrapy
"June 19, 2017",Do Androids Dream of Electric Sheep?,https://blog.scrapinghub.com/2017/06/19/do-androids-dream-of-electric-sheep
"April 19, 2017",Deploy your Scrapy Spiders from GitHub,https://blog.scrapinghub.com/2017/04/19/deploy-your-scrapy-spiders-from-github
"January 01, 2017",Looking Back at 2016,https://blog.scrapinghub.com/2017/01/01/looking-back-at-2016
"December 15, 2016",How to Increase Sales with Online Reputation Management,https://blog.scrapinghub.com/2016/12/15/how-to-increase-sales-with-online-reputation-management
"November 24, 2016",How to Build your own Price Monitoring Tool,https://blog.scrapinghub.com/2016/11/24/how-to-build-your-own-price-monitoring-tool
"November 10, 2016",How You Can Use Web Data to Accelerate Your Startup,https://blog.scrapinghub.com/2016/11/10/how-you-can-use-web-data-to-accelerate-your-startup
"October 27, 2016",An Introduction to XPath: How to Get Started,https://blog.scrapinghub.com/2016/10/27/an-introduction-to-xpath-with-examples
"October 19, 2016",Why Promoting Open Data Increases Economic Opportunities,https://blog.scrapinghub.com/2016/10/19/why-promoting-open-data-increases-economic-opportunities
"October 06, 2016",Interview: How Up Hail uses Scrapy to Increase Transparency,https://blog.scrapinghub.com/2016/10/06/interview-how-up-hail-uses-scrapy-to-increase-transparency
"September 28, 2016",How to Run Python Scripts in Scrapy Cloud,https://blog.scrapinghub.com/2016/09/28/how-to-run-python-scripts-in-scrapy-cloud
"September 22, 2016",Embracing the Future of Work: How To Communicate Remotely,https://blog.scrapinghub.com/2016/09/22/embracing-the-future-of-work-how-to-communicate-remotely
"September 08, 2016",How to Deploy Custom Docker Images for Your Web Crawlers,https://blog.scrapinghub.com/2016/09/08/how-to-deploy-custom-docker-images-for-your-web-crawlers
"September 01, 2016",Improved Frontera: Web Crawling at Scale with Python 3 Support,https://blog.scrapinghub.com/2016/09/01/improved-frontera-web-crawling-at-scale-with-python-3-support
"August 25, 2016",How to Crawl the Web Politely with Scrapy,https://blog.scrapinghub.com/2016/08/25/how-to-crawl-the-web-politely-with-scrapy
"August 17, 2016",Introducing Scrapy Cloud with Python 3 Support,https://blog.scrapinghub.com/2016/08/17/introducing-scrapy-cloud-with-python-3-support
"August 11, 2016",What the Suicide Squad Tells Us About Web Data,https://blog.scrapinghub.com/2016/08/11/what-the-suicide-squad-tells-us-about-web-data
"August 04, 2016",This Month in Open Source at Scrapinghub August 2016,https://blog.scrapinghub.com/2016/08/04/this-month-in-open-source-at-scrapinghub-august-2016
"July 28, 2016",Meet Parsel: the Selector Library behind Scrapy,https://blog.scrapinghub.com/2016/07/28/meet-parsel-the-selector-library-behind-scrapy
"July 20, 2016",Incremental Crawls with Scrapy and DeltaFetch,https://blog.scrapinghub.com/2016/07/20/scrapy-tips-from-the-pros-july-2016
"July 13, 2016",Improving Access to Peruvian Congress Bills with Scrapy,https://blog.scrapinghub.com/2016/07/13/improving-access-to-peruvian-congress-bills-with-scrapy
"July 07, 2016",Scrapely: The Brains Behind Portia Spiders,https://blog.scrapinghub.com/2016/07/07/scrapely-the-brains-behind-portia-spiders
"June 29, 2016",Introducing Portia2Code: Portia Projects into Scrapy Spiders,https://blog.scrapinghub.com/2016/06/29/introducing-portia2code-portia-projects-into-scrapy-spiders
"June 22, 2016",Scraping Infinite Scrolling Pages,https://blog.scrapinghub.com/2016/06/22/scrapy-tips-from-the-pros-june-2016
"June 15, 2016",This Month in Open Source at Scrapinghub June 2016,https://blog.scrapinghub.com/2016/06/15/this-month-in-open-source-at-scrapinghub-june-2016
"June 09, 2016",Introducing the Datasets Catalog,https://blog.scrapinghub.com/2016/06/09/introducing-the-datasets-catalog
"June 01, 2016",Introducing the Crawlera Dashboard,https://blog.scrapinghub.com/2016/06/01/introducing-the-crawlera-dashboard
"May 25, 2016",Data Extraction with Scrapy and Python 3,https://blog.scrapinghub.com/2016/05/25/data-extraction-with-scrapy-and-python-3
"May 18, 2016",How to Debug your Scrapy Spiders,https://blog.scrapinghub.com/2016/05/18/scrapy-tips-from-the-pros-may-2016-edition
"May 11, 2016",Scrapy + MonkeyLearn: Textual Analysis of Web Data,https://blog.scrapinghub.com/2016/05/11/monkeylearn-addon-retail-classifier-tutorial
"May 04, 2016",Introducing Scrapy Cloud 2.0,https://blog.scrapinghub.com/2016/05/04/introducing-scrapy-cloud-2-0
"April 27, 2016",A (not so) Short Story on Getting Decent Internet Access,https://blog.scrapinghub.com/2016/04/27/a-not-so-short-story-on-getting-decent-internet-access
"April 20, 2016",Scraping Websites Based on ViewStates with Scrapy,https://blog.scrapinghub.com/2016/04/20/scrapy-tips-from-the-pros-april-2016-edition
"April 14, 2016",Machine Learning with Web Scraping: New MonkeyLearn Addon,https://blog.scrapinghub.com/2016/04/14/grow-your-data-with-monkeylearn-addon
"April 06, 2016",Mapping Corruption in the Panama Papers with Open Data,https://blog.scrapinghub.com/2016/04/06/how-to-become-a-whistleblower-from-panama-papers-to-open-data
"March 30, 2016",Web Scraping to Create Open Data,https://blog.scrapinghub.com/2016/03/30/web-scraping-to-create-open-data
"March 23, 2016",Scrapy Tips from the Pros: March 2016 Edition,https://blog.scrapinghub.com/2016/03/23/scrapy-tips-from-the-pros-march-2016-edition
"March 16, 2016",This Month in Open Source at Scrapinghub March 2016,https://blog.scrapinghub.com/2016/03/16/this-month-in-open-source-at-scrapinghub-march-2016
"March 14, 2016",Join Scrapinghub for Google Summer of Code 2016,https://blog.scrapinghub.com/2016/03/14/join-scrapinghub-for-google-summer-of-code-2016
"March 09, 2016",How Web Scraping is Revealing Lobbying and Corruption in Peru,https://blog.scrapinghub.com/2016/03/09/how-web-scraping-is-revealing-lobbying-and-corruption-in-peru
"February 29, 2016",Splash 2.0 Is Here with Qt 5 and Python 3,https://blog.scrapinghub.com/2016/02/29/splash-2-0-here-with-qt-5-and-python-3
"February 26, 2016",Migrate your Kimono Projects to Portia,https://blog.scrapinghub.com/2016/02/25/migrate-your-kimono-projects-to-portia
"February 24, 2016",Scrapy Tips from the Pros: February 2016 Edition,https://blog.scrapinghub.com/2016/02/24/scrapy-tips-from-the-pros-february-2016-edition
"February 17, 2016",Portia: The Open Source Alternative to Kimono Labs,https://blog.scrapinghub.com/2016/02/17/portia-alternative-to-kimono
"February 10, 2016",Web Scraping Finds Stores Guilty of Price Inflation,https://blog.scrapinghub.com/2016/02/10/which-stores-are-guilty-of-price-inflation
"February 04, 2016",Python 3 is Coming to Scrapy,https://blog.scrapinghub.com/2016/02/04/python-3-support-with-scrapy-1-1rc1
"January 27, 2016",Happy Anniversary: Scrapinghub Turns 5,https://blog.scrapinghub.com/2016/01/27/happy-anniversary-scrapinghub-turns-5
"January 19, 2016",Scrapy Tips from the Pros: Part 1,https://blog.scrapinghub.com/2016/01/19/scrapy-tips-from-the-pros-part-1
"January 13, 2016",Vizlegal: Rise of Machine-Readable Laws and Court Judgments,https://blog.scrapinghub.com/2016/01/13/vizlegal-rise-of-machine-readable-laws-and-court-judgments
"January 06, 2016",Christmas Eve vs New Year's Eve: Last Minute Price Inflation?,https://blog.scrapinghub.com/2016/01/06/christmas-eve-vs-new-years-eve-last-minute-price-inflation
"December 31, 2015",Looking Back at 2015,https://blog.scrapinghub.com/2015/12/31/looking-back-at-2015
"December 21, 2015",Winter Sales Showdown: Black Friday vs Cyber Monday vs Green Monday,https://blog.scrapinghub.com/2015/12/21/winter-sales-showdown-black-friday-vs-cyber-monday-vs-green-monday
"December 16, 2015",Chats With RINAR Solutions,https://blog.scrapinghub.com/2015/12/16/chats-with-rinar-solutions
"December 03, 2015","Black Friday, Cyber Monday: Are They Worth It?",https://blog.scrapinghub.com/2015/12/03/black-friday-cyber-monday-are-they-worth-it
"November 16, 2015",Tips for Creating a Cohesive Company Culture Remotely,https://blog.scrapinghub.com/2015/11/16/tips-for-creating-a-cohesive-company-culture-remotely
"November 09, 2015",Parse Natural Language Dates with Dateparser,https://blog.scrapinghub.com/2015/11/09/parse-natural-language-dates-with-dateparser
"September 29, 2015",Aduana: Link Analysis to Crawl the Web at Scale,https://blog.scrapinghub.com/2015/09/29/aduana-link-analysis-to-crawl-the-web-at-scale
"August 19, 2015",Scrapy on the Road to Python 3 Support,https://blog.scrapinghub.com/2015/08/19/scrapy-on-the-road-to-python-3-support
"August 19, 2015",Introducing Javascript support for Portia,https://blog.scrapinghub.com/2015/08/19/introducing-javascript-support-for-portia
"August 06, 2015",Distributed Frontera: Web Crawling at Scale,https://blog.scrapinghub.com/2015/08/05/distributed-frontera-web-crawling-at-large-scale
"August 03, 2015",The Road to Loading JavaScript in Portia,https://blog.scrapinghub.com/2015/08/03/the-road-to-loading-javascript-in-portia
"July 21, 2015",EuroPython 2015,https://blog.scrapinghub.com/2015/07/21/europython-2015
"July 17, 2015",StartupChats Remote Working Q&A,https://blog.scrapinghub.com/2015/07/17/startupchats-remote-working
"July 15, 2015",PyCon Philippines 2015,https://blog.scrapinghub.com/2015/07/15/pycon-philippines-2015
"June 25, 2015",Google Summer of Code 2015,https://blog.scrapinghub.com/2015/06/25/google-summer-of-code-2015
"June 19, 2015",Link Analysis Algorithms Explained,https://blog.scrapinghub.com/2015/06/19/link-analysis-algorithms-explained
"June 12, 2015","EuroPython, here we go!",https://blog.scrapinghub.com/2015/06/12/europython-here-we-go
"June 08, 2015",Aduana: Link Analysis with Frontera,https://blog.scrapinghub.com/2015/06/08/aduana-link-analysis-with-frontera-2
"June 08, 2015",Using git to manage vacations in a large distributed team,https://blog.scrapinghub.com/2015/06/08/git-for-managing-vacations
"May 27, 2015",Gender Inequality Across Programming Languages,https://blog.scrapinghub.com/2015/05/27/gender-inequality-across-programming-languages
"May 12, 2015",Traveling Tips for Remote Workers,https://blog.scrapinghub.com/2015/05/12/traveling-tips-for-remote-workers
"April 28, 2015",A Career in Remote Working,https://blog.scrapinghub.com/2015/04/28/a-career-in-remote-working
"April 22, 2015",Frontera: The Brain Behind the Crawls,https://blog.scrapinghub.com/2015/04/22/frontera-the-brain-behind-the-crawls
"April 07, 2015",Scrape Data Visually with Portia and Scrapy Cloud,https://blog.scrapinghub.com/2015/04/07/scrape-data-visually-with-portia-and-scrapy-cloud
"March 17, 2015",Scrapinghub: A Remote Working Success Story,https://blog.scrapinghub.com/2015/03/17/scrapinghub-remote-working-success-story
"March 16, 2015",Why we moved to Slack,https://blog.scrapinghub.com/2015/03/16/why-we-moved-to-slack
"March 16, 2015",The History of Scrapinghub,https://blog.scrapinghub.com/2015/03/16/history-of-scrapinghub
"March 05, 2015",Skinfer: A Tool for Inferring JSON Schemas,https://blog.scrapinghub.com/2015/03/04/skinfer-a-tool-for-inferring-json-schemas
"March 02, 2015",Handling JavaScript in Scrapy with Splash,https://blog.scrapinghub.com/2015/03/02/handling-javascript-in-scrapy-with-splash
"February 24, 2015",Scrapinghub Crawls the Deep Web,https://blog.scrapinghub.com/2015/02/24/memex
"January 23, 2015",New Changes to Our Scrapy Cloud Platform,https://blog.scrapinghub.com/2015/01/22/new-changes-to-our-scrapy-cloud-platform
"January 22, 2015",Introducing ScrapyRT: An API for Scrapy spiders,https://blog.scrapinghub.com/2015/01/22/introducing-scrapyrt-an-api-for-scrapy-spiders
"December 31, 2014",Looking Back at 2014,https://blog.scrapinghub.com/2014/12/31/looking-back-at-2014
"July 17, 2014",XPath Tips from the Web Scraping Trenches,https://blog.scrapinghub.com/2014/07/17/xpath-tips-from-the-web-scraping-trenches
"June 27, 2014",Introducing Data Reviews,https://blog.scrapinghub.com/2014/06/26/introducing-data-reviews
"June 18, 2014",Extracting schema.org Microdata Using Scrapy Selectors and XPath,https://blog.scrapinghub.com/2014/06/18/extracting-schema-org-microdata-using-scrapy-selectors-and-xpath
"April 01, 2014","Announcing Portia, the Open Source Visual Web Scraper!",https://blog.scrapinghub.com/2014/04/01/announcing-portia
"March 26, 2014",Optimizing Memory Usage of Scikit-Learn Models Using Succinct Tries,https://blog.scrapinghub.com/2014/03/26/optimizing-memory-usage-of-scikit-learn-models-using-succinct-tries
"January 18, 2014",Open Source at Scrapinghub,https://blog.scrapinghub.com/2014/01/18/open-source-at-scrapinghub
"December 31, 2013",Looking Back at 2013,https://blog.scrapinghub.com/2013/12/31/looking-back-at-2013
"October 01, 2013",Marcos Campal Is a ScrapingHubber!,https://blog.scrapinghub.com/2013/10/01/marcos-campal-is-a-scrapinghubber
"July 27, 2013",Introducing Dash,https://blog.scrapinghub.com/2013/07/26/introducing-dash
"May 13, 2013",Why MongoDB Is a Bad Choice for Storing Our Scraped Data,https://blog.scrapinghub.com/2013/05/13/mongo-bad-for-scraped-data
"May 11, 2013","Introducing Crawlera, a Smart Page Downloader",https://blog.scrapinghub.com/2013/05/10/introducing-crawlera
"March 06, 2013",Git Workflow for Scrapy Projects,https://blog.scrapinghub.com/2013/03/06/git-workflow-scrapy-projects
"October 26, 2012",How to Fill Login Forms Automatically,https://blog.scrapinghub.com/2012/10/26/filling-login-forms-automatically
"August 25, 2012",Spiders activity graphs,https://blog.scrapinghub.com/2012/08/24/spiders-activity-graphs
"July 23, 2012",Finding Similar Items,https://blog.scrapinghub.com/2012/07/23/finding-similar-items
"February 27, 2012",Scrapy 0.15 dropping support for Python 2.5,https://blog.scrapinghub.com/2012/02/27/scrapy-0-15-dropping-support-for-python-2-5
"February 27, 2012",Autoscraping casts a wider net,https://blog.scrapinghub.com/2012/02/27/autoscraping-casts-a-wider-net
"November 18, 2011",Scrapy 0.14 released,https://blog.scrapinghub.com/2011/11/17/scrapy-0-14-released
"April 28, 2011",Dirbot - a new example Scrapy project,https://blog.scrapinghub.com/2011/04/28/dirbot-a-new-example-scrapy-project
"April 20, 2011",Introducing w3lib and scrapely,https://blog.scrapinghub.com/2011/04/19/introducing-w3lib-and-scrapely
"January 03, 2011",Scrapy 0.12 released,https://blog.scrapinghub.com/2011/01/02/scrapy-0-12-released
"November 12, 2010",Spoofing your Scrapy bot IP using tsocks,https://blog.scrapinghub.com/2010/11/12/scrapy-tsocks
"June 26, 2010","Hello, world",https://blog.scrapinghub.com/2010/06/26/hello-world
